{"cameraMode":{"drawMode":0,"name":"Shaded","section":"Shading Mode"},"sceneLighting":true,"audioPlay":false,"sceneViewState":{"showFog":true,"showMaterialUpdate":false,"showSkybox":true,"showFlares":true,"showImageEffects":true,"showParticleSystems":true},"in2DMode":false,"pivot":{"x":9.598642349243164,"y":2.614344596862793,"z":-26.818599700927736},"rotation":{"x":0.10844352841377258,"y":-0.8809941411018372,"z":0.24498893320560456,"w":0.3899611830711365},"size":24.378952026367189,"orthographic":false}