{"cameraMode":{"drawMode":0,"name":"Shaded","section":"Shading Mode"},"sceneLighting":true,"audioPlay":false,"sceneViewState":{"showFog":true,"showMaterialUpdate":false,"showSkybox":true,"showFlares":true,"showImageEffects":true,"showParticleSystems":true},"in2DMode":false,"pivot":{"x":-28.51975440979004,"y":2.728208541870117,"z":20.554523468017579},"rotation":{"x":-0.3457182049751282,"y":-0.059070780873298648,"z":0.021815374493598939,"w":-0.9362230896949768},"size":5.464540004730225,"orthographic":false}